category,template,centroid_sim_bia_ant,intra_bia,intra_ant,cohens_d_pc1,accuracy,balanced_accuracy,roc_auc,n_splits
Age,answer_only,1.0,0.554729163646698,0.554729163646698,0.0,0.4029891304347826,0.4029891304347826,0.3671313799621928,5
Age,cq_answer,0.9999754428863525,0.37906649708747864,0.3789612948894501,0.001656379085034132,0.41875,0.41875,0.385961129489603,5
Age,question_answer,0.999645471572876,0.36371704936027527,0.363254576921463,-0.0007736972183920443,0.5198369565217391,0.5198369565217391,0.5209239130434783,5
Age,context_only,1.0,0.3219403922557831,0.3219403922557831,0.0,0.41059782608695655,0.41059782608695655,0.3788634215500945,5
Age,separate,0.9999971985816956,0.38084354996681213,0.3815194070339203,0.00021789282618556172,0.3782608695652174,0.3782608695652174,0.32340943998109645,5
