category,template,centroid_sim_bia_ant,intra_bia,intra_ant,cohens_d_pc1,accuracy,balanced_accuracy,roc_auc,n_splits
Gender_identity,answer_only,1.0000001192092896,0.718752384185791,0.718752384185791,0.0,0.4933899831695423,0.49349018036072145,0.4933945952024289,5
Gender_identity,cq_answer,0.9999262094497681,0.44940242171287537,0.4479973614215851,0.0016529731219634414,0.445108836291201,0.44511102204408814,0.42166399974297286,5
Gender_identity,question_answer,0.9995527267456055,0.36523565649986267,0.36341628432273865,-0.01035833079367876,0.6604586550478334,0.660462124248497,0.7298982269147514,5
Gender_identity,context_only,0.9999999403953552,0.37838631868362427,0.37838631868362427,0.0,0.4064479308968287,0.40645891783567134,0.36657702579507717,5
Gender_identity,separate,0.9999963045120239,0.510789692401886,0.5111948847770691,-0.0008773145964369178,0.40044152368801667,0.400444488977956,0.3667481206902784,5
