category,template,centroid_sim_bia_ant,intra_bia,intra_ant,cohens_d_pc1,accuracy,balanced_accuracy,roc_auc,n_splits
Religion,answer_only,1.0,0.5229538083076477,0.5229538083076477,0.0,0.38,0.38,0.33623000000000003,5
Religion,cq_answer,0.9999846816062927,0.31143441796302795,0.3124224841594696,-0.00031912748818285763,0.34199999999999997,0.34199999999999997,0.27156,5
Religion,question_answer,0.999658465385437,0.3041650652885437,0.3119867742061615,0.0160045325756073,0.38499999999999995,0.38499999999999995,0.32832000000000006,5
Religion,context_only,0.9999998807907104,0.30668899416923523,0.30668899416923523,2.812602239998796e-08,0.34900000000000003,0.34900000000000003,0.28995999999999994,5
Religion,separate,0.9999966621398926,0.3347589671611786,0.33345827460289,-0.0002640303282532841,0.321,0.321,0.23570000000000002,5
